{"cameraMode":{"drawMode":0,"name":"Shaded","section":"Shading Mode"},"sceneLighting":true,"audioPlay":false,"sceneViewState":{"showFog":true,"showMaterialUpdate":false,"showSkybox":true,"showFlares":true,"showImageEffects":true,"showParticleSystems":true},"in2DMode":false,"pivot":{"x":0.07099999487400055,"y":8.770000457763672,"z":-0.36700010299682619},"rotation":{"x":0.27052369713783266,"y":-0.5052915215492249,"z":0.17054297029972077,"w":0.8015137314796448},"size":6.1578850746154789,"orthographic":false}